Date,AAPL,BYDDF,EONGY,LNVGF,NIO,PLUN.F,TSLA,TKA.DE,XIACF
2021-08-02,145.52000427246094,33.0,12.390000343322754,0.9900000095367432,45.849998474121094,22.549999237060547,236.55667114257812,8.350000381469727,3.3299999237060547
2021-08-03,147.36000061035156,33.0,12.510000228881836,0.9900000095367432,44.56999969482422,22.100000381469727,236.5800018310547,8.468000411987305,3.319999933242798
2021-08-04,146.9499969482422,35.45000076293945,12.369999885559082,0.9700000286102295,45.09000015258789,21.790000915527344,236.97332763671875,8.45199966430664,3.450000047683716
2021-08-05,147.05999755859375,35.900001525878906,12.449999809265137,0.9599999785423279,45.599998474121094,22.315000534057617,238.2100067138672,8.62600040435791,3.4100000858306885
2021-08-06,146.13999938964844,34.81999969482422,12.319999694824219,0.9300000071525574,43.84000015258789,22.1200008392334,233.03334045410156,8.779999732971191,3.390000104904175
2021-08-09,146.08999633789062,34.29999923706055,12.420000076293945,0.9300000071525574,45.209999084472656,24.399999618530273,237.9199981689453,8.758000373840332,3.4549999237060547
2021-08-10,145.60000610351562,34.38999938964844,12.529999732971191,0.9300000071525574,44.220001220703125,24.950000762939453,236.663330078125,8.90999984741211,3.4600000381469727
2021-08-11,145.86000061035156,34.5099983215332,12.579999923706055,1.0700000524520874,43.970001220703125,23.385000228881836,235.94000244140625,8.425999641418457,3.4700000286102295
2021-08-12,148.88999938964844,35.20000076293945,12.619999885559082,1.0499999523162842,42.470001220703125,22.100000381469727,240.75,8.538000106811523,3.4000000953674316
2021-08-13,149.10000610351562,35.0,12.770000457763672,1.0299999713897705,41.029998779296875,21.530000686645508,239.05667114257812,8.694000244140625,3.2899999618530273
2021-08-16,151.1199951171875,32.31999969482422,12.90999984741211,1.0499999523162842,38.619998931884766,21.479999542236328,228.72332763671875,8.609999656677246,3.2100000381469727
2021-08-17,150.19000244140625,32.36000061035156,12.960000038146973,1.0199999809265137,38.099998474121094,21.7450008392334,221.90333557128906,8.663999557495117,3.1500000953674316
2021-08-18,146.36000061035156,33.08000183105469,13.15999984741211,1.0800000429153442,38.86000061035156,21.53499984741211,229.663330078125,8.685999870300293,3.1600000858306885
2021-08-19,146.6999969482422,33.099998474121094,13.170000076293945,1.0299999713897705,36.290000915527344,20.700000762939453,224.49000549316406,8.465999603271484,3.0999999046325684
2021-08-20,148.19000244140625,32.630001068115234,13.260000228881836,1.0399999618530273,36.91999816894531,20.649999618530273,226.75332641601562,8.503999710083008,3.069999933242798
2021-08-23,149.7100067138672,34.22999954223633,13.4399995803833,1.0399999618530273,38.16999816894531,21.549999237060547,235.43333435058594,8.60200023651123,3.200000047683716
2021-08-24,149.6199951171875,34.4900016784668,13.199999809265137,0.9800000190734863,38.939998626708984,21.600000381469727,236.163330078125,8.935999870300293,3.3299999237060547
2021-08-25,148.36000061035156,34.13999938964844,13.170000076293945,1.0299999713897705,38.95000076293945,22.809999465942383,237.06666564941406,9.069999694824219,3.3399999141693115
2021-08-26,147.5399932861328,32.65999984741211,13.0600004196167,1.0,38.2599983215332,22.2549991607666,233.72000122070312,9.079999923706055,3.180000066757202
2021-08-27,148.60000610351562,32.79999923706055,13.100000381469727,1.0,38.04999923706055,22.735000610351562,237.30667114257812,9.13599967956543,3.2100000381469727
2021-08-30,153.1199951171875,33.599998474121094,13.1899995803833,1.059999942779541,37.79999923706055,22.28499984741211,243.6366729736328,9.354000091552734,3.240000009536743
2021-08-31,151.8300018310547,33.59000015258789,13.239999771118164,1.090000033378601,39.310001373291016,22.399999618530273,245.24000549316406,9.434000015258789,3.200000047683716
2021-09-01,152.50999450683594,33.380001068115234,13.390000343322754,1.1200000047683716,39.08000183105469,22.8799991607666,244.69667053222656,9.34000015258789,3.2850000858306885
2021-09-02,153.64999389648438,33.599998474121094,13.329999923706055,1.1100000143051147,40.349998474121094,22.80500030517578,244.1300048828125,9.333999633789062,3.259999990463257
2021-09-03,154.3000030517578,32.95000076293945,13.270000457763672,1.090000033378601,40.369998931884766,22.30500030517578,244.52333068847656,9.045999526977539,3.2699999809265137
2021-09-07,156.69000244140625,35.25,13.09000015258789,1.0700000524520874,40.59000015258789,22.719999313354492,250.97332763671875,9.163999557495117,3.2300000190734863
2021-09-08,155.11000061035156,34.08000183105469,13.1899995803833,1.059999942779541,38.13999938964844,21.475000381469727,251.2899932861328,9.015999794006348,3.134999990463257
2021-09-09,154.07000732421875,34.349998474121094,13.1899995803833,1.0199999809265137,38.45000076293945,21.540000915527344,251.6199951171875,9.12600040435791,3.0899999141693115
2021-09-10,148.97000122070312,33.150001525878906,13.010000228881836,1.0700000524520874,37.97999954223633,20.905000686645508,245.42333984375,9.173999786376953,3.0799999237060547
2021-09-13,149.5500030517578,33.04999923706055,13.149999618530273,1.0199999809265137,38.38999938964844,20.549999237060547,247.6666717529297,9.4399995803833,3.0199999809265137
2021-09-14,148.1199951171875,33.540000915527344,13.279999732971191,1.0700000524520874,37.88999938964844,20.844999313354492,248.163330078125,9.295999526977539,3.009999990463257
2021-09-15,149.02999877929688,33.349998474121094,13.109999656677246,1.0700000524520874,38.029998779296875,20.700000762939453,251.94332885742188,9.357999801635742,2.990000009536743
2021-09-16,148.7899932861328,31.989999771118164,12.949999809265137,1.0700000524520874,37.09000015258789,21.135000228881836,252.3300018310547,9.140000343322754,2.9200000762939453
2021-09-17,146.05999755859375,32.77000045776367,12.779999732971191,1.0700000524520874,37.5099983215332,22.020000457763672,253.163330078125,9.119999885559082,2.944999933242798
2021-09-20,142.94000244140625,30.389999389648438,12.65999984741211,1.100000023841858,35.16999816894531,21.80500030517578,243.38999938964844,8.607999801635742,2.875
2021-09-21,143.42999267578125,31.350000381469727,12.850000381469727,1.0,34.900001525878906,22.190000534057617,246.4600067138672,8.498000144958496,2.9600000381469727
2021-09-22,145.85000610351562,32.0,12.84000015258789,1.0099999904632568,35.70000076293945,22.899999618530273,250.64666748046875,8.758000373840332,3.0299999713897705
2021-09-23,146.8300018310547,31.059999465942383,12.9399995803833,1.059999942779541,36.0099983215332,23.55500030517578,251.2133331298828,8.862000465393066,2.9200000762939453
2021-09-24,146.9199981689453,30.719999313354492,12.829999923706055,1.0299999713897705,35.380001068115234,23.44499969482422,258.1300048828125,8.805999755859375,2.819999933242798
2021-09-27,145.3699951171875,31.25,12.720000267028809,1.100000023841858,36.77000045776367,24.229999542236328,263.78668212890625,9.163999557495117,2.7899999618530273
2021-09-28,141.91000366210938,30.799999237060547,12.680000305175781,1.0700000524520874,35.04999923706055,23.225000381469727,259.1866760253906,8.954000473022461,2.809999942779541
2021-09-29,142.8300018310547,30.270000457763672,12.470000267028809,1.0700000524520874,35.130001068115234,21.954999923706055,260.4366760253906,9.12600040435791,2.759999990463257
2021-09-30,141.5,31.1200008392334,12.25,1.1100000143051147,35.630001068115234,22.135000228881836,258.49334716796875,9.178000450134277,2.75
2021-10-01,142.64999389648438,30.829999923706055,12.550000190734863,1.100000023841858,35.380001068115234,21.764999389648438,258.40667724609375,8.880000114440918,2.7100000381469727
2021-10-04,139.13999938964844,30.649999618530273,12.729999542236328,1.149999976158142,33.400001525878906,21.0049991607666,260.510009765625,8.637999534606934,2.609999895095825
2021-10-05,141.11000061035156,31.90999984741211,12.890000343322754,1.2400000095367432,33.869998931884766,21.014999389648438,260.1966552734375,8.770000457763672,2.7100000381469727
2021-10-06,142.0,30.989999771118164,12.899999618530273,1.2000000476837158,33.65999984741211,21.264999389648438,260.9166564941406,7.958000183105469,2.6700000762939453
2021-10-07,143.2899932861328,32.4900016784668,12.75,1.190000057220459,35.9900016784668,22.920000076293945,264.53668212890625,8.1899995803833,2.7799999713897705
2021-10-08,142.89999389648438,31.920000076293945,12.539999961853027,1.149999976158142,35.83000183105469,23.454999923706055,261.8299865722656,8.142000198364258,2.759999990463257
2021-10-11,142.80999755859375,32.90999984741211,11.970000267028809,1.0,35.63999938964844,24.290000915527344,263.9800109863281,8.531999588012695,2.75
2021-10-12,141.50999450683594,32.72999954223633,11.970000267028809,1.0,35.5099983215332,25.520000457763672,268.5733337402344,8.531999588012695,2.7249999046325684
2021-10-13,140.91000366210938,33.900001525878906,12.130000114440918,1.0,36.2400016784668,28.860000610351562,270.3599853515625,8.501999855041504,2.7899999618530273
2021-10-14,143.75999450683594,33.79999923706055,12.170000076293945,0.949999988079071,36.279998779296875,28.299999237060547,272.7733459472656,8.675999641418457,2.7750000953674316
2021-10-15,144.83999633789062,35.279998779296875,12.380000114440918,0.9599999785423279,37.709999084472656,27.155000686645508,281.010009765625,8.793999671936035,2.740000009536743
2021-10-18,146.5500030517578,35.90999984741211,12.300000190734863,0.9599999785423279,39.61000061035156,28.15999984741211,290.03668212890625,8.807999610900879,2.75
2021-10-19,148.75999450683594,36.5,12.510000228881836,1.0099999904632568,40.029998779296875,28.65999984741211,288.0899963378906,8.72599983215332,2.930000066757202
2021-10-20,149.25999450683594,36.689998626708984,12.619999885559082,1.0099999904632568,39.779998779296875,28.174999237060547,288.6000061035156,8.684000015258789,2.950000047683716
2021-10-21,149.47999572753906,36.720001220703125,12.670000076293945,1.0299999713897705,39.970001220703125,28.924999237060547,298.0,8.529999732971191,2.9200000762939453
2021-10-22,148.69000244140625,38.099998474121094,12.729999542236328,1.0499999523162842,38.880001068115234,27.895000457763672,303.2266540527344,8.62399959564209,2.9049999713897705
2021-10-25,148.63999938964844,40.150001525878906,12.579999923706055,1.0499999523162842,41.27000045776367,29.719999313354492,341.6199951171875,8.836000442504883,2.930000066757202
2021-10-26,149.32000732421875,39.79999923706055,12.699999809265137,1.059999942779541,40.470001220703125,29.235000610351562,339.4766540527344,9.069999694824219,2.869999885559082
2021-10-27,148.85000610351562,40.0,12.869999885559082,1.090000033378601,39.310001373291016,30.260000228881836,345.9533386230469,9.003999710083008,2.819999933242798
2021-10-28,152.57000732421875,37.599998474121094,13.079999923706055,1.0800000429153442,40.790000915527344,32.779998779296875,359.0133361816406,8.986000061035156,2.809999942779541
2021-10-29,149.8000030517578,36.27000045776367,12.729999542236328,1.0800000429153442,39.40999984741211,32.88999938964844,371.3333435058594,8.991999626159668,2.75
2021-11-01,148.9600067138672,37.4900016784668,12.920000076293945,1.059999942779541,40.84000015258789,35.40999984741211,402.86334228515625,9.204000473022461,2.7639999389648438
2021-11-02,150.02000427246094,38.25,13.010000228881836,1.059999942779541,41.29999923706055,35.19499969482422,390.6666564941406,8.88599967956543,2.7200000286102295
2021-11-03,151.49000549316406,37.97999954223633,13.029999732971191,1.0700000524520874,41.5,34.779998779296875,404.6199951171875,8.802000045776367,2.6700000762939453
2021-11-04,150.9600067138672,40.15999984741211,13.050000190734863,1.100000023841858,43.119998931884766,34.95000076293945,409.9700012207031,8.880000114440918,2.6700000762939453
2021-11-05,151.27999877929688,39.54999923706055,12.869999885559082,1.0299999713897705,42.290000915527344,33.400001525878906,407.36334228515625,9.03600025177002,2.6600000858306885
2021-11-08,150.44000244140625,39.47999954223633,12.84000015258789,1.0299999713897705,43.20000076293945,35.48500061035156,387.64666748046875,9.25,2.632999897003174
2021-11-09,150.80999755859375,39.40999984741211,12.800000190734863,1.0499999523162842,40.63999938964844,34.61000061035156,341.1666564941406,9.142000198364258,2.619999885559082
2021-11-10,147.9199981689453,38.459999084472656,12.859999656677246,1.0499999523162842,39.54999923706055,35.5,355.98333740234375,9.045999526977539,2.640000104904175
2021-11-11,147.8699951171875,39.599998474121094,12.720000267028809,1.0299999713897705,42.20000076293945,38.30500030517578,354.5033264160156,9.194000244140625,2.7249999046325684
2021-11-12,149.99000549316406,38.54999923706055,12.670000076293945,1.0299999713897705,42.66999816894531,37.35499954223633,344.47332763671875,8.949999809265137,2.7300000190734863
2021-11-15,150.0,37.54999923706055,12.630000114440918,1.0399999618530273,40.56999969482422,36.36000061035156,337.7966613769531,9.236000061035156,2.75
2021-11-16,151.0,39.08000183105469,12.550000190734863,1.0399999618530273,40.66999816894531,37.650001525878906,351.57666015625,10.345000267028809,2.7850000858306885
2021-11-17,153.49000549316406,38.130001068115234,12.619999885559082,1.0299999713897705,39.66999816894531,37.470001220703125,363.0033264160156,10.194999694824219,2.7899999618530273
2021-11-18,157.8699951171875,38.58000183105469,12.65999984741211,1.0299999713897705,38.40999984741211,35.209999084472656,365.4599914550781,10.84000015258789,2.680000066757202
2021-11-19,160.5500030517578,38.54999923706055,12.470000267028809,1.0,38.65999984741211,39.08000183105469,379.0199890136719,10.944999694824219,2.696000099182129
2021-11-22,161.02000427246094,40.33000183105469,12.34000015258789,1.0099999904632568,41.4900016784668,38.86000061035156,385.6233215332031,11.289999961853027,2.6549999713897705
2021-11-23,161.41000366210938,40.79999923706055,11.949999809265137,1.0,42.040000915527344,36.900001525878906,369.6766662597656,10.600000381469727,2.619999885559082
2021-11-24,161.94000244140625,40.619998931884766,12.069999694824219,1.0,41.41999816894531,38.415000915527344,372.0,10.65999984741211,2.509999990463257
2021-11-26,156.80999755859375,38.630001068115234,12.140000343322754,0.9700000286102295,39.9900016784668,35.29999923706055,360.6400146484375,9.736000061035156,2.4100000858306885
2021-11-29,160.24000549316406,39.099998474121094,12.399999618530273,0.9800000190734863,40.459999084472656,36.86000061035156,378.9966735839844,9.977999687194824,2.4800000190734863
2021-11-30,165.3000030517578,39.54999923706055,12.34000015258789,1.0,39.130001068115234,34.96500015258789,381.586669921875,9.734000205993652,2.4700000286102295
2021-12-01,164.77000427246094,39.0,12.260000228881836,1.0099999904632568,38.310001373291016,32.529998779296875,365.0,9.925999641418457,2.4700000286102295
2021-12-02,163.75999450683594,38.779998779296875,12.210000038146973,1.0099999904632568,36.20000076293945,32.310001373291016,361.5333251953125,9.684000015258789,2.4730000495910645
2021-12-03,161.83999633789062,37.34000015258789,12.170000076293945,1.0299999713897705,32.150001525878906,29.55500030517578,338.3233337402344,9.29800033569336,2.450000047683716
2021-12-06,165.32000732421875,36.959999084472656,12.420000076293945,1.0299999713897705,32.34000015258789,30.25,336.336669921875,9.199999809265137,2.450000047683716
2021-12-07,171.17999267578125,37.7400016784668,12.489999771118164,1.0800000429153442,33.119998931884766,32.20500183105469,350.5833435058594,9.199999809265137,2.4800000190734863
2021-12-08,175.0800018310547,37.91999816894531,12.699999809265137,1.0700000524520874,35.04999923706055,32.125,356.32000732421875,9.470000267028809,2.4600000381469727
2021-12-09,174.55999755859375,37.04999923706055,12.75,1.0700000524520874,34.04999923706055,30.549999237060547,334.6000061035156,9.34000015258789,2.4749999046325684
2021-12-10,179.4499969482422,37.400001525878906,12.84000015258789,1.0700000524520874,34.2599983215332,29.290000915527344,339.010009765625,9.347999572753906,2.4649999141693115
2021-12-13,175.74000549316406,36.25,12.9399995803833,1.0499999523162842,33.65999984741211,28.594999313354492,322.13665771484375,9.354000091552734,2.4000000953674316
2021-12-14,174.3300018310547,35.2599983215332,12.819999694824219,1.059999942779541,32.29999923706055,27.15999984741211,319.5033264160156,9.621999740600586,2.3450000286102295
2021-12-15,179.3000030517578,34.290000915527344,13.029999732971191,1.0700000524520874,30.790000915527344,27.920000076293945,325.3299865722656,9.406000137329102,2.2790000438690186
2021-12-16,172.25999450683594,34.91999816894531,13.279999732971191,1.090000033378601,30.06999969482422,26.30500030517578,308.97332763671875,9.428000450134277,2.2750000953674316
2021-12-17,171.13999938964844,33.95000076293945,13.1899995803833,1.100000023841858,30.0,26.575000762939453,310.8566589355469,9.333999633789062,2.309999942779541
2021-12-20,169.75,31.440000534057617,13.449999809265137,1.090000033378601,28.15999984741211,24.5,299.9800109863281,9.055999755859375,2.25
2021-12-21,172.99000549316406,33.43000030517578,13.609999656677246,1.1299999952316284,30.15999984741211,25.55500030517578,312.84332275390625,9.105999946594238,2.359999895095825
2021-12-22,175.63999938964844,34.349998474121094,13.619999885559082,1.149999976158142,29.850000381469727,25.174999237060547,336.2900085449219,9.229999542236328,2.3499999046325684
2021-12-23,176.27999877929688,34.54999923706055,13.65999984741211,1.1299999952316284,30.520000457763672,26.010000228881836,355.6666564941406,9.501999855041504,2.390000104904175
2021-12-27,180.3300018310547,33.75,13.670000076293945,1.1299999952316284,29.959999084472656,26.200000762939453,364.64666748046875,9.555999755859375,2.3480000495910645
2021-12-28,179.2899932861328,33.20000076293945,13.779999732971191,1.159999966621399,29.6299991607666,25.125,362.8233337402344,9.644000053405762,2.4000000953674316
2021-12-29,179.3800048828125,33.45000076293945,13.880000114440918,1.1399999856948853,28.25,24.94499969482422,362.0633239746094,9.729999542236328,2.3399999141693115
2021-12-30,178.1999969482422,34.900001525878906,13.869999885559082,1.149999976158142,32.41999816894531,24.549999237060547,356.7799987792969,9.684000015258789,2.430000066757202
2021-12-31,177.57000732421875,34.0,13.9399995803833,1.159999966621399,31.68000030517578,,352.260009765625,,2.4000000953674316
2022-01-03,182.00999450683594,34.959999084472656,13.9399995803833,1.1299999952316284,33.470001220703125,25.46500015258789,399.9266662597656,9.781999588012695,2.380000114440918
2022-01-04,179.6999969482422,34.65999984741211,13.75,1.149999976158142,31.579999923706055,24.350000381469727,383.1966552734375,10.154999732971191,2.369999885559082
2022-01-05,174.9199981689453,32.099998474121094,13.529999732971191,1.149999976158142,29.8799991607666,23.364999771118164,362.7066650390625,10.274999618530273,2.2799999713897705
2022-01-06,172.0,31.809999465942383,13.350000381469727,1.1200000047683716,29.309999465942383,22.530000686645508,354.8999938964844,10.09000015258789,2.3399999141693115
2022-01-07,172.1699981689453,31.549999237060547,13.399999618530273,1.1399999856948853,29.299999237060547,22.139999389648438,342.32000732421875,10.239999771118164,2.3499999046325684
2022-01-10,172.19000244140625,30.649999618530273,13.380000114440918,1.1200000047683716,28.90999984741211,21.549999237060547,352.7066650390625,10.520000457763672,2.359999895095825
2022-01-11,175.0800018310547,31.829999923706055,13.670000076293945,1.1299999952316284,30.020000457763672,22.030000686645508,354.79998779296875,10.585000038146973,2.369999885559082
2022-01-12,175.52999877929688,33.81999969482422,13.609999656677246,1.1799999475479126,31.68000030517578,21.549999237060547,368.739990234375,10.8149995803833,2.440000057220459
2022-01-13,172.19000244140625,33.16999816894531,13.850000381469727,1.1799999475479126,30.479999542236328,20.899999618530273,343.85333251953125,10.755000114440918,2.380000114440918
2022-01-14,173.07000732421875,33.95000076293945,14.050000190734863,1.149999976158142,30.950000762939453,20.299999237060547,349.8699951171875,10.4399995803833,2.4000000953674316
2022-01-18,169.8000030517578,33.86000061035156,13.930000305175781,1.1200000047683716,29.610000610351562,20.219999313354492,343.5033264160156,10.055000305175781,2.359999895095825
2022-01-19,166.22999572753906,32.66999816894531,13.739999771118164,1.1200000047683716,28.6299991607666,18.562000274658203,331.8833312988281,9.925999641418457,2.380000114440918
2022-01-20,164.50999450683594,33.5,13.779999732971191,1.059999942779541,29.1299991607666,19.100000381469727,332.0899963378906,10.25,2.4100000858306885
2022-01-21,162.41000366210938,32.599998474121094,13.649999618530273,1.1100000143051147,27.350000381469727,18.621999740600586,314.6333312988281,9.515999794006348,2.378000020980835
2022-01-24,161.6199951171875,30.93000030517578,13.579999923706055,1.059999942779541,24.8700008392334,18.253999710083008,310.0,8.78600025177002,2.299999952316284
2022-01-25,159.77999877929688,31.010000228881836,13.5,1.0499999523162842,23.790000915527344,17.600000381469727,306.1333312988281,8.935999870300293,2.2699999809265137
2022-01-26,159.69000244140625,31.229999542236328,13.449999809265137,1.059999942779541,22.65999984741211,17.239999771118164,312.4700012207031,9.23799991607666,2.240000009536743
2022-01-27,159.22000122070312,30.799999237060547,13.6899995803833,1.059999942779541,21.110000610351562,16.472000122070312,276.3666687011719,9.182000160217285,2.140000104904175
2022-01-28,170.3300018310547,28.309999465942383,13.710000038146973,1.100000023841858,20.899999618530273,16.81599998474121,282.1166687011719,8.836000442504883,2.059999942779541
2022-01-31,174.77999877929688,29.709999084472656,13.770000457763672,1.0399999618530273,24.510000228881836,19.15399932861328,312.239990234375,9.008000373840332,2.1500000953674316
2022-02-01,174.61000061035156,29.8799991607666,13.920000076293945,1.0399999618530273,24.84000015258789,20.149999618530273,310.4166564941406,9.244000434875488,2.1700000762939453
2022-02-02,175.83999633789062,30.020000457763672,14.020000457763672,1.0399999618530273,23.760000228881836,19.420000076293945,301.88665771484375,9.170000076293945,2.200000047683716
2022-02-03,172.89999389648438,29.350000381469727,14.029999732971191,1.0399999618530273,23.1299991607666,18.45599937438965,297.0466613769531,9.045999526977539,2.1500000953674316
2022-02-04,172.38999938964844,30.760000228881836,13.979999542236328,1.090000033378601,23.959999084472656,19.0,307.7733459472656,8.805999755859375,2.134999990463257
2022-02-07,171.66000366210938,31.049999237060547,13.979999542236328,1.090000033378601,23.989999771118164,19.0,302.4466552734375,8.932000160217285,2.119999885559082
2022-02-08,174.8300018310547,30.899999618530273,14.0600004196167,1.090000033378601,24.690000534057617,19.302000045776367,307.3333435058594,9.062000274658203,2.0999999046325684
2022-02-09,176.27999877929688,31.81999969482422,14.0,1.1100000143051147,26.100000381469727,20.100000381469727,310.6666564941406,9.25,2.1649999618530273
2022-02-10,172.1199951171875,30.5,13.819999694824219,1.1100000143051147,25.350000381469727,19.552000045776367,301.51666259765625,9.220000267028809,2.1600000858306885
2022-02-11,168.63999938964844,29.25,13.720000267028809,1.100000023841858,24.100000381469727,18.5,286.6666564941406,9.001999855041504,2.0999999046325684
2022-02-14,168.8800048828125,29.940000534057617,13.539999961853027,1.100000023841858,23.790000915527344,19.24799919128418,291.9200134277344,8.366000175476074,2.0850000381469727
2022-02-15,172.7899932861328,31.5,13.699999809265137,1.100000023841858,25.790000915527344,20.735000610351562,307.4766540527344,9.041999816894531,2.119999885559082
2022-02-16,172.5500030517578,31.6200008392334,13.75,1.1100000143051147,25.610000610351562,20.489999771118164,307.7966613769531,9.229999542236328,2.0999999046325684
2022-02-17,168.8800048828125,32.20000076293945,13.770000457763672,1.1100000143051147,24.719999313354492,20.469999313354492,292.1166687011719,9.140000343322754,2.0999999046325684
2022-02-18,167.3000030517578,30.93000030517578,13.75,1.0800000429153442,23.209999084472656,19.601999282836914,285.6600036621094,8.892000198364258,2.055000066757202
2022-02-22,164.32000732421875,30.079999923706055,13.59000015258789,1.1299999952316284,21.770000457763672,18.600000381469727,273.84332275390625,8.508000373840332,2.0
2022-02-23,160.07000732421875,30.309999465942383,13.479999542236328,1.1299999952316284,20.459999084472656,17.743999481201172,254.67999267578125,8.565999984741211,2.0
2022-02-24,162.74000549316406,29.940000534057617,12.989999771118164,1.090000033378601,21.219999313354492,19.511999130249023,266.92333984375,8.157999992370605,1.9199999570846558
2022-02-25,164.85000610351562,30.600000381469727,13.390000343322754,1.1200000047683716,20.940000534057617,20.0,269.9566650390625,8.616000175476074,1.9500000476837158
2022-02-28,165.1199951171875,31.0,13.539999961853027,1.100000023841858,22.84000015258789,22.229999542236328,290.1433410644531,9.600000381469727,1.875
2022-03-01,163.1999969482422,30.0,13.460000038146973,1.1100000143051147,21.8700008392334,22.989999771118164,288.1233215332031,9.45199966430664,1.8899999856948853
2022-03-02,166.55999755859375,30.600000381469727,12.399999618530273,1.059999942779541,21.770000457763672,22.78499984741211,293.2966613769531,9.642000198364258,1.9229999780654907
2022-03-03,166.22999572753906,29.100000381469727,12.239999771118164,1.059999942779541,19.8799991607666,21.4950008392334,279.7633361816406,9.355999946594238,1.850000023841858
2022-03-04,163.1699981689453,26.790000915527344,11.619999885559082,1.0,18.6299991607666,20.864999771118164,279.42999267578125,8.416000366210938,1.7400000095367432
2022-03-07,159.3000030517578,25.31999969482422,11.109999656677246,0.9700000286102295,18.1200008392334,21.65999984741211,268.1933288574219,7.973999977111816,1.7100000381469727
2022-03-08,157.44000244140625,24.100000381469727,10.970000267028809,0.9800000190734863,17.979999542236328,23.450000762939453,274.79998779296875,8.076000213623047,1.659999966621399
2022-03-09,162.9499969482422,25.600000381469727,11.869999885559082,0.9900000095367432,20.170000076293945,23.56999969482422,286.3233337402344,8.520000457763672,1.75
2022-03-10,158.52000427246094,24.559999465942383,11.390000343322754,1.0099999904632568,17.770000457763672,23.44499969482422,279.4333190917969,8.473999977111816,1.690000057220459
2022-03-11,154.72999572753906,23.739999771118164,11.180000305175781,1.0,16.06999969482422,22.450000762939453,265.1166687011719,8.732000350952148,1.6799999475479126
2022-03-14,150.6199951171875,21.700000762939453,11.649999618530273,0.949999988079071,14.100000381469727,20.700000762939453,255.4566650390625,9.02400016784668,1.5549999475479126
2022-03-15,155.08999633789062,22.389999389648438,11.859999656677246,0.9200000166893005,14.930000305175781,21.040000915527344,267.2966613769531,8.894000053405762,1.5299999713897705
2022-03-16,159.58999633789062,27.479999542236328,11.869999885559082,0.9800000190734863,18.75,21.809999465942383,280.07666015625,9.423999786376953,1.8600000143051147
2022-03-17,160.6199951171875,26.950000762939453,11.899999618530273,0.9800000190734863,18.81999969482422,22.950000762939453,290.5333251953125,8.53600025177002,1.7599999904632568
2022-03-18,163.97999572753906,28.43000030517578,11.8100004196167,0.9800000190734863,20.860000610351562,23.479999542236328,301.7966613769531,8.369999885559082,1.7899999618530273
2022-03-21,165.3800048828125,27.43000030517578,11.789999961853027,1.0299999713897705,20.260000228881836,23.5,307.0533447265625,8.284000396728516,1.75
2022-03-22,168.82000732421875,28.31999969482422,11.890000343322754,1.0499999523162842,21.770000457763672,24.7549991607666,331.32666015625,8.482000350952148,1.8650000095367432
2022-03-23,170.2100067138672,28.68000030517578,11.449999809265137,1.0299999713897705,21.8700008392334,25.18000030517578,333.03668212890625,8.314000129699707,1.8799999952316284
2022-03-24,174.07000732421875,28.799999237060547,11.420000076293945,1.100000023841858,21.979999542236328,25.600000381469727,337.97332763671875,8.081999778747559,1.8450000286102295
2022-03-25,174.72000122070312,27.299999237060547,11.539999961853027,1.090000033378601,19.90999984741211,25.040000915527344,336.8800048828125,8.067999839782715,1.8700000047683716
2022-03-28,175.60000610351562,27.489999771118164,11.609999656677246,1.059999942779541,21.209999084472656,25.43000030517578,363.9466552734375,7.96999979019165,1.8600000143051147
2022-03-29,178.9600067138672,27.459999084472656,11.920000076293945,1.090000033378601,21.8799991607666,26.690000534057617,366.5233459472656,8.241999626159668,1.850000023841858
2022-03-30,177.77000427246094,28.549999237060547,11.869999885559082,1.090000033378601,22.170000076293945,25.545000076293945,364.663330078125,8.04800033569336,1.809999942779541
2022-03-31,174.61000061035156,27.860000610351562,11.59000015258789,1.090000033378601,21.049999237060547,26.0,359.20001220703125,7.789999961853027,1.7680000066757202
2022-04-01,174.30999755859375,28.860000610351562,11.550000190734863,1.090000033378601,21.93000030517578,25.399999618530273,361.5299987792969,7.820000171661377,1.850000023841858
2022-04-04,178.44000244140625,31.399999618530273,11.420000076293945,1.1399999856948853,23.850000381469727,29.0049991607666,381.8166809082031,7.691999912261963,1.7999999523162842
2022-04-05,175.05999755859375,30.5,11.229999542236328,1.149999976158142,22.469999313354492,27.905000686645508,363.7533264160156,7.3480000495910645,1.850000023841858
2022-04-06,171.8300018310547,30.020000457763672,11.15999984741211,1.0399999618530273,21.68000030517578,26.014999389648438,348.586669921875,6.817999839782715,1.7300000190734863
2022-04-07,172.13999938964844,30.049999237060547,11.029999732971191,1.0399999618530273,20.360000610351562,24.979999542236328,352.4200134277344,6.7779998779296875,1.7350000143051147
2022-04-08,170.08999633789062,30.09000015258789,11.289999961853027,1.0700000524520874,20.0,23.94499969482422,341.8299865722656,6.892000198364258,1.690000057220459
2022-04-11,165.75,28.489999771118164,11.15999984741211,1.0299999713897705,19.700000762939453,24.094999313354492,325.30999755859375,6.883999824523926,1.6200000047683716
2022-04-12,167.66000366210938,28.200000762939453,10.9399995803833,1.0,19.459999084472656,23.889999389648438,328.98333740234375,6.929999828338623,1.5800000429153442
2022-04-13,170.39999389648438,29.649999618530273,10.90999984741211,1.0099999904632568,20.420000076293945,24.635000228881836,340.7900085449219,6.918000221252441,1.590000033378601
2022-04-14,165.2899932861328,30.0,10.920000076293945,1.0099999904632568,19.649999618530273,23.924999237060547,328.3333435058594,6.949999809265137,1.5700000524520874
2022-04-18,165.07000732421875,29.719999313354492,10.899999618530273,0.9399999976158142,19.170000076293945,,334.7633361816406,,1.5549999475479126
2022-04-19,167.39999389648438,30.75,10.899999618530273,1.0099999904632568,19.8700008392334,26.045000076293945,342.7166748046875,7.013999938964844,1.5449999570846558
2022-04-20,167.22999572753906,29.700000762939453,10.970000267028809,0.9900000095367432,18.149999618530273,24.80500030517578,325.73333740234375,7.208000183105469,1.5099999904632568
2022-04-21,166.4199981689453,28.510000228881836,10.90999984741211,0.9599999785423279,17.149999618530273,21.190000534057617,336.260009765625,7.208000183105469,1.4500000476837158
2022-04-22,161.7899932861328,29.270000457763672,10.890000343322754,1.0,17.18000030517578,20.514999389648438,335.01666259765625,7.208000183105469,1.4600000381469727
2022-04-25,162.8800048828125,28.600000381469727,11.109999656677246,0.949999988079071,17.309999465942383,21.145000457763672,332.67333984375,7.015999794006348,1.4199999570846558
2022-04-26,156.8000030517578,27.5,10.579999923706055,0.9100000262260437,16.360000610351562,20.979999542236328,292.1400146484375,6.872000217437744,1.3600000143051147
2022-04-27,156.57000732421875,28.479999542236328,10.399999618530273,0.9200000166893005,16.760000228881836,21.05500030517578,293.836669921875,6.872000217437744,1.4249999523162842
2022-04-28,163.63999938964844,28.93000030517578,10.609999656677246,0.8999999761581421,16.93000030517578,20.639999389648438,292.5033264160156,7.182000160217285,1.4600000381469727
2022-04-29,157.64999389648438,29.020000457763672,10.3100004196167,0.9399999976158142,16.700000762939453,20.0,290.2533264160156,7.380000114440918,1.5199999809265137
2022-05-02,157.9600067138672,29.0,10.260000228881836,0.949999988079071,17.5,19.974000930786133,300.9800109863281,7.185999870300293,1.4800000190734863
2022-05-03,159.47999572753906,30.1200008392334,10.279999732971191,0.9599999785423279,17.530000686645508,20.520000457763672,303.0833435058594,7.320000171661377,1.4700000286102295
2022-05-04,166.02000427246094,30.899999618530273,10.420000076293945,0.9599999785423279,18.1299991607666,22.020000457763672,317.5400085449219,7.216000080108643,1.4500000476837158
2022-05-05,156.77000427246094,29.0,10.25,0.9599999785423279,15.380000114440918,20.094999313354492,291.09332275390625,7.202000141143799,1.4199999570846558
2022-05-06,157.27999877929688,28.799999237060547,10.170000076293945,0.9900000095367432,14.920000076293945,18.378000259399414,288.54998779296875,7.202000141143799,1.4140000343322754
2022-05-09,152.05999755859375,26.389999389648438,10.289999961853027,0.9599999785423279,13.550000190734863,15.850000381469727,262.3699951171875,6.8979997634887695,1.340000033378601
2022-05-10,154.50999450683594,27.100000381469727,10.609999656677246,1.0199999809265137,13.4399995803833,14.831999778747559,266.67999267578125,7.038000106811523,1.3220000267028809
2022-05-11,146.5,28.200000762939453,10.630000114440918,1.0,12.710000038146973,12.802000045776367,244.6666717529297,7.828000068664551,1.3650000095367432
2022-05-12,142.55999755859375,28.5,10.350000381469727,1.0099999904632568,13.100000381469727,12.925999641418457,242.6666717529297,7.888000011444092,1.3389999866485596
2022-05-13,147.11000061035156,30.309999465942383,10.319999694824219,1.0,14.3100004196167,14.489999771118164,256.5299987792969,7.888000011444092,1.4229999780654907
2022-05-16,145.5399932861328,30.399999618530273,10.390000343322754,0.9599999785423279,14.550000190734863,14.0,241.4566650390625,8.137999534606934,1.4500000476837158
2022-05-17,149.24000549316406,32.400001525878906,10.520000457763672,1.059999942779541,16.6299991607666,15.657999992370605,253.8699951171875,8.14799976348877,1.5
2022-05-18,140.82000732421875,32.27000045776367,10.460000038146973,1.0199999809265137,15.829999923706055,15.088000297546387,236.60333251953125,8.052000045776367,1.4299999475479126
2022-05-19,137.35000610351562,33.619998931884766,10.640000343322754,0.9900000095367432,16.65999984741211,15.668000221252441,236.47332763671875,8.052000045776367,1.4900000095367432
2022-05-20,137.58999633789062,33.33000183105469,10.65999984741211,1.0,16.440000534057617,14.972000122070312,221.3000030517578,8.210000038146973,1.4600000381469727
2022-05-23,143.11000061035156,34.189998626708984,10.8100004196167,1.0,16.0,15.378000259399414,224.96665954589844,8.366000175476074,1.468999981880188
2022-05-24,140.36000061035156,31.850000381469727,10.539999961853027,0.8999999761581421,14.630000114440918,14.220000267028809,209.3866729736328,8.215999603271484,1.409999966621399
2022-05-25,140.52000427246094,32.900001525878906,10.640000343322754,0.9200000166893005,14.640000343322754,14.588000297546387,219.60000610351562,8.215999603271484,1.440000057220459
2022-05-26,143.77999877929688,34.65999984741211,10.569999694824219,0.9200000166893005,16.030000686645508,15.854000091552734,235.91000366210938,8.5,1.475000023841858
2022-05-27,149.63999938964844,34.83000183105469,10.300000190734863,0.949999988079071,16.56999969482422,17.746000289916992,253.2100067138672,8.5,1.4900000095367432
2022-05-31,148.83999633789062,35.79999923706055,10.140000343322754,1.0,17.389999389648438,16.9060001373291,252.75332641601562,8.9399995803833,1.524999976158142
2022-06-01,148.7100067138672,35.75,10.09000015258789,1.0,17.56999969482422,16.88800048828125,246.7899932861328,8.776000022888184,1.5299999713897705
2022-06-02,151.2100067138672,37.369998931884766,10.180000305175781,0.9700000286102295,18.850000381469727,17.031999588012695,258.3333435058594,8.776000022888184,1.5199999809265137
2022-06-03,145.3800048828125,36.599998474121094,10.3100004196167,0.949999988079071,18.079999923706055,16.784000396728516,234.51666259765625,8.776000022888184,1.5299999713897705
2022-06-06,146.13999938964844,38.33000183105469,10.25,0.949999988079071,19.18000030517578,17.15999984741211,238.27999877929688,9.005999565124512,1.5700000524520874
2022-06-07,148.7100067138672,38.130001068115234,10.350000381469727,0.9900000095367432,19.649999618530273,17.52199935913086,238.8866729736328,9.109999656677246,1.559999942779541
2022-06-08,147.9600067138672,38.79999923706055,10.260000228881836,0.9900000095367432,20.3799991607666,17.215999603271484,241.86666870117188,8.991999626159668,1.6399999856948853
2022-06-09,142.63999938964844,37.38999938964844,10.0600004196167,0.9900000095367432,18.81999969482422,16.0,239.7066650390625,8.838000297546387,1.5399999618530273
2022-06-10,137.1300048828125,39.060001373291016,10.050000190734863,0.9800000190734863,18.139999389648438,15.234000205993652,232.22999572753906,8.253999710083008,1.4900000095367432
2022-06-13,131.8800048828125,37.75,9.649999618530273,0.9800000190734863,15.989999771118164,13.640000343322754,215.73666381835938,7.51800012588501,1.4550000429153442
2022-06-14,132.75999450683594,39.61000061035156,9.489999771118164,0.9900000095367432,18.65999984741211,13.694000244140625,220.88999938964844,7.289999961853027,1.440000057220459
2022-06-15,135.42999267578125,37.849998474121094,9.5,0.9900000095367432,20.110000610351562,14.711999893188477,233.0,7.395999908447266,1.5
2022-06-16,130.05999755859375,36.0,8.930000305175781,0.9100000262260437,19.18000030517578,13.513999938964844,213.10000610351562,7.110000133514404,1.4199999570846558
2022-06-17,131.55999755859375,37.45000076293945,9.130000114440918,0.9100000262260437,20.770000457763672,15.204000473022461,216.75999450683594,6.953999996185303,1.4800000190734863
2022-06-21,135.8699951171875,38.650001525878906,9.149999618530273,0.9100000262260437,22.65999984741211,15.833999633789062,237.0366668701172,7.019999980926514,1.4700000286102295
2022-06-22,135.35000610351562,38.29999923706055,9.359999656677246,0.9100000262260437,22.549999237060547,16.16200065612793,236.086669921875,6.460000038146973,1.4600000381469727
2022-06-23,138.27000427246094,39.5,9.239999771118164,0.9200000166893005,23.049999237060547,17.0,235.07000732421875,5.947999954223633,1.4800000190734863
2022-06-24,141.66000366210938,39.5,9.079999923706055,0.9200000166893005,24.079999923706055,16.82200050354004,245.7066650390625,5.886000156402588,1.559999942779541
2022-06-27,141.66000366210938,40.25,8.970000267028809,1.0,22.950000762939453,17.145999908447266,244.9199981689453,6.035999774932861,1.7599999904632568
2022-06-28,137.44000244140625,41.43000030517578,8.989999771118164,1.0,22.360000610351562,16.266000747680664,232.663330078125,5.958000183105469,1.7949999570846558
2022-06-29,139.22999572753906,40.529998779296875,8.720000267028809,0.9599999785423279,21.860000610351562,15.220000267028809,228.49000549316406,5.703999996185303,1.7999999523162842
2022-06-30,136.72000122070312,40.279998779296875,8.380000114440918,0.9599999785423279,21.719999313354492,15.814000129699707,224.47332763671875,5.409999847412109,1.7410000562667847
2022-07-01,138.92999267578125,39.970001220703125,8.579999923706055,0.9399999976158142,21.360000610351562,16.23200035095215,227.26333618164062,5.322000026702881,1.7209999561309814
2022-07-05,141.55999755859375,40.099998474121094,8.15999984741211,0.8999999761581421,22.18000030517578,17.058000564575195,233.06666564941406,4.875999927520752,1.7200000286102295
2022-07-06,142.9199981689453,40.54999923706055,8.010000228881836,0.8899999856948853,20.829999923706055,17.139999389648438,231.73333740234375,4.8429999351501465,1.6770000457763672
2022-07-07,146.35000610351562,42.400001525878906,8.130000114440918,0.8899999856948853,22.5,18.86400032043457,244.5433349609375,5.193999767303467,1.7139999866485596
2022-07-08,147.0399932861328,41.290000915527344,8.279999732971191,0.8999999761581421,22.600000381469727,19.40399932861328,250.76333618164062,5.453999996185303,1.7100000381469727
2022-07-11,144.8699951171875,38.900001525878906,8.09000015258789,0.8999999761581421,20.56999969482422,18.26799964904785,234.3433380126953,5.184000015258789,1.6449999809265137
2022-07-12,145.86000061035156,34.5,8.010000228881836,0.8899999856948853,20.8700008392334,18.052000045776367,233.07000732421875,5.184000015258789,1.6100000143051147
2022-07-13,145.49000549316406,34.79999923706055,8.0600004196167,0.8899999856948853,21.09000015258789,18.426000595092773,237.0399932861328,5.190000057220459,1.6119999885559082
2022-07-14,148.47000122070312,37.709999084472656,7.949999809265137,0.8799999952316284,21.049999237060547,17.666000366210938,238.31333923339844,5.145999908447266,1.590000033378601
2022-07-15,150.1699981689453,37.7400016784668,8.069999694824219,0.8899999856948853,20.719999313354492,15.432000160217285,240.06666564941406,5.223999977111816,1.600000023841858
2022-07-18,147.07000732421875,37.189998626708984,8.109999656677246,0.9100000262260437,20.84000015258789,16.299999237060547,240.54666137695312,5.395999908447266,1.600000023841858
2022-07-19,151.0,37.400001525878906,8.569999694824219,0.8999999761581421,20.200000762939453,16.95199966430664,245.52999877929688,5.618000030517578,1.7000000476837158
2022-07-20,153.0399932861328,36.43000030517578,8.489999771118164,0.8999999761581421,20.3700008392334,17.988000869750977,247.5,5.685999870300293,1.6480000019073486
2022-07-21,155.35000610351562,36.849998474121094,8.25,0.9300000071525574,20.68000030517578,17.90399932861328,271.7066650390625,5.693999767303467,1.690000057220459
2022-07-22,154.08999633789062,35.77000045776367,8.489999771118164,0.9399999976158142,19.239999771118164,17.145999908447266,272.24334716796875,5.690000057220459,1.659999966621399
2022-07-25,152.9499969482422,36.400001525878906,8.59000015258789,0.9399999976158142,19.329999923706055,17.101999282836914,268.4333190917969,5.682000160217285,1.6399999856948853
2022-07-26,151.60000610351562,36.20000076293945,8.449999809265137,0.9399999976158142,19.040000915527344,16.23200035095215,258.8599853515625,5.48199987411499,1.6200000047683716
2022-07-27,156.7899932861328,36.900001525878906,8.6899995803833,0.9399999976158142,19.3799991607666,16.850000381469727,274.82000732421875,5.676000118255615,1.6299999952316284
2022-07-28,157.35000610351562,37.16999816894531,8.65999984741211,0.9399999976158142,19.489999771118164,21.200000762939453,280.8999938964844,5.745999813079834,1.6649999618530273
2022-07-29,162.50999450683594,36.34000015258789,8.949999809265137,0.9399999976158142,19.729999542236328,20.735000610351562,297.1499938964844,6.00600004196167,1.565000057220459
2022-08-01,161.50999450683594,37.29999923706055,8.949999809265137,0.9399999976158142,20.18000030517578,20.600000381469727,297.27667236328125,5.926000118255615,1.524999976158142
2022-08-02,160.00999450683594,36.75,9.010000228881836,0.9399999976158142,20.18000030517578,23.065000534057617,300.586669921875,5.789999961853027,1.4859999418258667
2022-08-03,166.1300048828125,37.119998931884766,8.930000305175781,0.9399999976158142,20.299999237060547,23.0,307.39666748046875,5.861999988555908,1.5
2022-08-04,165.80999755859375,38.099998474121094,8.960000038146973,0.8999999761581421,20.899999618530273,23.59000015258789,308.6333312988281,5.929999828338623,1.5399999618530273
2022-08-05,165.35000610351562,36.75,9.039999961853027,0.8899999856948853,20.219999313354492,24.940000534057617,288.1700134277344,5.998000144958496,1.4809999465942383
2022-08-08,164.8699951171875,37.290000915527344,9.140000343322754,0.8899999856948853,20.170000076293945,25.315000534057617,290.42333984375,6.079999923706055,1.5
2022-08-09,164.9199981689453,36.36000061035156,9.4399995803833,0.8899999856948853,19.170000076293945,24.1299991607666,283.3333435058594,5.868000030517578,1.5099999904632568
2022-08-10,169.24000549316406,36.18000030517578,9.319999694824219,0.8799999952316284,20.049999237060547,28.200000762939453,294.3566589355469,5.9039998054504395,1.4800000190734863
2022-08-11,168.49000549316406,36.689998626708984,9.520000457763672,0.8799999952316284,20.81999969482422,26.8799991607666,286.6300048828125,5.900000095367432,1.5750000476837158
2022-08-12,172.10000610351562,36.689998626708984,9.729999542236328,0.8600000143051147,21.110000610351562,28.559999465942383,300.0299987792969,5.881999969482422,1.5099999904632568
2022-08-15,173.19000244140625,36.369998931884766,9.619999885559082,0.8600000143051147,21.299999237060547,29.625,309.32000732421875,5.854000091552734,1.5299999713897705
2022-08-16,173.02999877929688,36.2400016784668,9.720000267028809,0.8600000143051147,20.90999984741211,28.969999313354492,306.5633239746094,6.090000152587891,1.5099999904632568
2022-08-17,174.5500030517578,36.599998474121094,9.479999542236328,0.8700000047683716,20.079999923706055,27.8799991607666,303.9966735839844,5.77400016784668,1.4950000047683716
2022-08-18,174.14999389648438,36.18000030517578,9.329999923706055,0.8799999952316284,19.90999984741211,28.350000381469727,302.8699951171875,5.9720001220703125,1.4869999885559082
2022-08-19,171.52000427246094,34.849998474121094,9.270000457763672,0.8799999952316284,19.049999237060547,26.71500015258789,296.6666564941406,5.74399995803833,1.3799999952316284
2022-08-22,167.57000732421875,35.119998931884766,8.920000076293945,0.8799999952316284,18.950000762939453,26.4950008392334,289.913330078125,5.406000137329102,1.3899999856948853
2022-08-23,167.22999572753906,34.599998474121094,8.960000038146973,0.9100000262260437,18.290000915527344,26.540000915527344,296.4533386230469,5.599999904632568,1.3899999856948853
2022-08-24,167.52999877929688,33.599998474121094,8.75,0.8700000047683716,18.8700008392334,27.704999923706055,297.0966796875,5.547999858856201,1.4199999570846558
2022-08-25,170.02999877929688,33.900001525878906,8.75,0.8700000047683716,20.079999923706055,30.094999313354492,296.07000732421875,5.47599983215332,1.465000033378601
2022-08-26,163.6199951171875,33.75,8.510000228881836,0.9300000071525574,19.920000076293945,28.895000457763672,288.0899963378906,5.372000217437744,1.465000033378601
2022-08-29,161.3800048828125,34.880001068115234,8.640000343322754,0.8500000238418579,19.809999465942383,28.559999465942383,284.82000732421875,5.372000217437744,1.4700000286102295
2022-08-30,158.91000366210938,32.150001525878906,8.65999984741211,0.800000011920929,19.829999923706055,27.834999084472656,277.70001220703125,5.561999797821045,1.4199999570846558
2022-08-31,157.22000122070312,30.75,8.569999694824219,0.8500000238418579,19.90999984741211,28.040000915527344,275.6099853515625,5.570000171661377,1.5099999904632568
2022-09-01,157.9600067138672,29.440000534057617,8.5600004196167,0.8500000238418579,18.790000915527344,26.780000686645508,277.1600036621094,5.449999809265137,1.4630000591278076
2022-09-02,155.80999755859375,27.350000381469727,8.569999694824219,0.800000011920929,17.729999542236328,25.834999084472656,270.2099914550781,5.791999816894531,1.4199999570846558
2022-09-06,154.52999877929688,27.56999969482422,8.729999542236328,0.7699999809265137,17.110000610351562,25.915000915527344,274.4200134277344,5.682000160217285,1.375
2022-09-07,155.9600067138672,28.790000915527344,9.029999732971191,0.7400000095367432,17.479999542236328,27.56999969482422,283.70001220703125,5.986000061035156,1.3700000047683716
2022-09-08,154.4600067138672,27.68000030517578,8.899999618530273,0.7400000095367432,17.68000030517578,29.1200008392334,289.260009765625,6.00600004196167,1.3600000143051147
2022-09-09,157.3699951171875,28.299999237060547,9.180000305175781,0.7400000095367432,19.15999984741211,29.6299991607666,299.67999267578125,6.130000114440918,1.3600000143051147
2022-09-12,163.42999267578125,28.84000015258789,9.300000190734863,0.800000011920929,21.75,29.5049991607666,304.4200134277344,6.314000129699707,1.3630000352859497
2022-09-13,153.83999633789062,28.5,9.100000381469727,0.7599999904632568,21.969999313354492,29.020000457763672,292.1300048828125,6.173999786376953,1.350000023841858
2022-09-14,155.30999755859375,28.100000381469727,8.930000305175781,0.7599999904632568,21.940000534057617,29.719999313354492,302.6099853515625,5.76800012588501,1.350000023841858
2022-09-15,152.3699951171875,27.270000457763672,8.729999542236328,0.7599999904632568,21.510000228881836,29.149999618530273,303.75,5.6479997634887695,1.3270000219345093
2022-09-16,150.6999969482422,27.1200008392334,8.729999542236328,0.75,20.149999618530273,28.184999465942383,303.3500061035156,5.535999774932861,1.3250000476837158
2022-09-19,154.47999572753906,28.049999237060547,8.65999984741211,0.75,20.899999618530273,27.834999084472656,309.07000732421875,5.638000011444092,1.2999999523162842
2022-09-20,156.89999389648438,27.979999542236328,8.25,0.75,20.40999984741211,26.045000076293945,308.7300109863281,5.501999855041504,1.2699999809265137
2022-09-21,153.72000122070312,27.059999465942383,8.199999809265137,0.75,18.299999237060547,26.899999618530273,300.79998779296875,5.504000186920166,1.25
2022-09-22,152.74000549316406,27.350000381469727,8.25,0.7400000095367432,18.350000381469727,24.415000915527344,288.5899963378906,5.3420000076293945,1.2350000143051147
2022-09-23,150.42999267578125,26.399999618530273,7.949999809265137,0.7200000286102295,17.639999389648438,23.084999084472656,275.3299865722656,5.168000221252441,1.2100000381469727
2022-09-26,150.77000427246094,27.06999969482422,7.75,0.7400000095367432,17.6200008392334,22.850000381469727,276.010009765625,5.184000015258789,1.2100000381469727
2022-09-27,151.75999450683594,26.68000030517578,7.449999809265137,0.7400000095367432,17.190000534057617,23.020000457763672,282.94000244140625,5.150000095367432,1.2100000381469727
2022-09-28,149.83999633789062,27.0,7.739999771118164,0.7400000095367432,17.329999923706055,22.725000381469727,287.80999755859375,4.570000171661377,1.2300000190734863
2022-09-29,142.47999572753906,25.219999313354492,7.699999809265137,0.6600000262260437,15.579999923706055,21.024999618530273,268.2099914550781,4.2230000495910645,1.1399999856948853
2022-09-30,138.1999969482422,24.719999313354492,7.619999885559082,0.6600000262260437,15.770000457763672,21.594999313354492,265.25,4.386000156402588,1.1449999809265137
2022-10-03,142.4499969482422,25.18000030517578,7.940000057220459,0.6700000166893005,15.489999771118164,22.295000076293945,242.39999389648438,4.561999797821045,1.149999976158142
2022-10-04,146.10000610351562,27.200000762939453,8.170000076293945,0.7099999785423279,16.729999542236328,23.44499969482422,249.44000244140625,4.989999771118164,1.2000000476837158
2022-10-05,146.39999389648438,26.549999237060547,7.929999828338623,0.699999988079071,16.040000915527344,22.200000762939453,240.80999755859375,4.757999897003174,1.2200000286102295
2022-10-06,145.42999267578125,25.760000228881836,7.610000133514404,0.699999988079071,14.770000457763672,21.584999084472656,238.1300048828125,4.701000213623047,1.149999976158142
2022-10-07,140.08999633789062,24.93000030517578,7.46999979019165,0.7200000286102295,13.760000228881836,20.3799991607666,223.07000732421875,4.684999942779541,1.1449999809265137
2022-10-10,140.4199981689453,24.09000015258789,7.559999942779541,0.7200000286102295,13.279999732971191,20.475000381469727,222.9600067138672,4.875999927520752,1.1799999475479126
2022-10-11,138.97999572753906,23.920000076293945,7.300000190734863,0.6899999976158142,12.829999923706055,20.299999237060547,216.5,4.836999893188477,1.125
2022-10-12,138.33999633789062,24.540000915527344,7.110000133514404,0.6800000071525574,12.880000114440918,19.309999465942383,217.24000549316406,4.75600004196167,1.100000023841858
2022-10-13,142.99000549316406,24.5,7.449999809265137,0.6800000071525574,12.779999732971191,19.444000244140625,221.72000122070312,4.945000171661377,1.100000023841858
2022-10-14,138.3800048828125,24.459999084472656,7.579999923706055,0.7400000095367432,11.75,18.582000732421875,204.99000549316406,4.953000068664551,1.090000033378601
2022-10-17,142.41000366210938,25.760000228881836,7.829999923706055,0.699999988079071,12.210000038146973,18.913999557495117,219.35000610351562,5.033999919891357,1.1200000047683716
2022-10-18,143.75,25.850000381469727,7.909999847412109,0.699999988079071,12.210000038146973,19.106000900268555,220.19000244140625,5.159999847412109,1.1200000047683716
2022-10-19,143.86000061035156,24.81999969482422,7.829999923706055,0.699999988079071,10.920000076293945,17.360000610351562,222.0399932861328,5.0920000076293945,1.100000023841858
2022-10-20,143.38999938964844,24.8799991607666,7.739999771118164,0.699999988079071,10.970000267028809,16.695999145507812,207.27999877929688,5.291999816894531,1.159999966621399
2022-10-21,147.27000427246094,25.530000686645508,7.760000228881836,0.699999988079071,11.210000038146973,16.743999481201172,214.44000244140625,5.314000129699707,1.1649999618530273
2022-10-24,149.4499969482422,23.3799991607666,8.100000381469727,0.7099999785423279,9.449999809265137,15.92199993133545,211.25,5.4079999923706055,1.0800000429153442
2022-10-25,152.33999633789062,23.719999313354492,8.229999542236328,0.7099999785423279,10.630000114440918,16.577999114990234,222.4199981689453,5.289999961853027,1.125
2022-10-26,149.35000610351562,24.100000381469727,8.279999732971191,0.7699999809265137,10.8100004196167,16.20800018310547,224.63999938964844,5.550000190734863,1.190000057220459
2022-10-27,144.8000030517578,23.34000015258789,8.279999732971191,0.7699999809265137,9.979999542236328,16.253999710083008,225.08999633789062,5.489999771118164,1.149999976158142
2022-10-28,155.74000549316406,21.90999984741211,8.25,0.7699999809265137,9.6899995803833,16.0,228.52000427246094,5.357999801635742,1.1200000047683716
2022-10-31,153.33999633789062,22.700000762939453,8.319999694824219,0.7699999809265137,9.670000076293945,16.350000381469727,227.5399932861328,5.331999778747559,1.149999976158142
2022-11-01,150.64999389648438,23.299999237060547,8.430000305175781,0.7699999809265137,9.710000038146973,15.899999618530273,227.82000732421875,5.315999984741211,1.1579999923706055
2022-11-02,145.02999877929688,23.920000076293945,8.289999961853027,0.7699999809265137,9.489999771118164,15.0,214.97999572753906,5.050000190734863,1.159999966621399
2022-11-03,138.8800048828125,24.5,8.270000457763672,0.7699999809265137,9.9399995803833,15.013999938964844,215.30999755859375,4.5269999504089355,1.156000018119812
2022-11-04,138.3800048828125,24.350000381469727,8.649999618530273,0.7699999809265137,11.680000305175781,14.86400032043457,207.47000122070312,4.76800012588501,1.2289999723434448
2022-11-07,138.9199981689453,25.1299991607666,8.59000015258789,0.7699999809265137,10.979999542236328,14.904000282287598,197.0800018310547,5.039999961853027,1.2949999570846558
2022-11-08,139.5,25.1299991607666,8.760000228881836,0.7699999809265137,10.5600004196167,14.5,191.3000030517578,5.182000160217285,1.340000033378601
2022-11-09,134.8699951171875,23.049999237060547,8.649999618530273,0.7699999809265137,9.25,14.5,177.58999633789062,5.164000034332275,1.2699999809265137
2022-11-10,146.8699951171875,24.239999771118164,8.979999542236328,0.8299999833106995,10.34000015258789,16.850000381469727,190.72000122070312,5.533999919891357,1.2999999523162842
2022-11-11,149.6999969482422,24.799999237060547,9.039999961853027,0.8299999833106995,11.5600004196167,17.266000747680664,195.97000122070312,5.875999927520752,1.350000023841858
2022-11-14,148.27999877929688,24.510000228881836,9.130000114440918,0.8299999833106995,11.170000076293945,16.733999252319336,190.9499969482422,5.995999813079834,1.3350000381469727
2022-11-15,150.0399932861328,24.8700008392334,9.1899995803833,0.8600000143051147,11.510000228881836,16.95400047302246,194.4199981689453,5.900000095367432,1.3700000047683716
2022-11-16,148.7899932861328,24.100000381469727,9.15999984741211,0.8600000143051147,10.529999732971191,16.09600067138672,186.9199981689453,5.599999904632568,1.3550000190734863
2022-11-17,150.72000122070312,24.1299991607666,9.170000076293945,0.8299999833106995,10.670000076293945,15.666000366210938,183.1699981689453,5.48199987411499,1.3250000476837158
2022-11-18,151.2899932861328,23.6200008392334,9.380000114440918,0.8299999833106995,10.470000267028809,15.27400016784668,180.19000244140625,5.461999893188477,1.2799999713897705
2022-11-21,148.00999450683594,23.520000457763672,9.270000457763672,0.7900000214576721,10.020000457763672,14.892000198364258,167.8699951171875,5.4039998054504395,1.2829999923706055
2022-11-22,150.17999267578125,22.600000381469727,9.270000457763672,0.7900000214576721,10.010000228881836,14.630000114440918,169.91000366210938,5.170000076293945,1.2599999904632568
2022-11-23,151.07000732421875,22.700000762939453,9.300000190734863,0.800000011920929,10.5600004196167,14.887999534606934,183.1999969482422,5.1519999504089355,1.2599999904632568
2022-11-25,148.11000061035156,21.899999618530273,9.470000267028809,0.7799999713897705,10.170000076293945,15.170000076293945,182.86000061035156,5.248000144958496,1.2100000381469727
2022-11-28,144.22000122070312,22.149999618530273,9.34000015258789,0.8199999928474426,10.119999885559082,14.411999702453613,182.9199981689453,5.188000202178955,1.2100000381469727
2022-11-29,141.1699981689453,23.31999969482422,9.380000114440918,0.8199999928474426,10.5,14.420000076293945,180.8300018310547,5.297999858856201,1.2200000286102295
2022-11-30,148.02999877929688,25.639999389648438,9.5,0.8399999737739563,12.779999732971191,15.163999557495117,194.6999969482422,5.317999839782715,1.3109999895095825
2022-12-01,148.30999755859375,25.06999969482422,9.529999732971191,0.8100000023841858,12.09000015258789,14.918000221252441,194.6999969482422,5.400000095367432,1.3370000123977661
2022-12-02,147.80999755859375,25.889999389648438,9.649999618530273,0.8100000023841858,13.130000114440918,15.092000007629395,194.86000061035156,5.6020002365112305,1.3200000524520874
2022-12-05,146.6300048828125,24.59000015258789,9.649999618530273,0.8100000023841858,12.800000190734863,14.291999816894531,182.4499969482422,5.605999946594238,1.4359999895095825
2022-12-06,142.91000366210938,25.68000030517578,9.550000190734863,0.8299999833106995,13.239999771118164,13.258000373840332,179.82000732421875,5.579999923706055,1.4509999752044678
2022-12-07,140.94000244140625,26.200000762939453,9.619999885559082,0.8299999833106995,12.579999923706055,12.996000289916992,174.0399932861328,5.455999851226807,1.399999976158142
2022-12-08,142.64999389648438,27.600000381469727,9.609999656677246,0.7599999904632568,13.40999984741211,13.154000282287598,173.44000244140625,5.8480000495910645,1.440000057220459
2022-12-09,142.16000366210938,27.040000915527344,9.600000381469727,0.7799999713897705,12.630000114440918,12.666000366210938,179.0500030517578,5.809999942779541,1.4500000476837158
2022-12-12,144.49000549316406,27.079999923706055,9.600000381469727,0.7799999713897705,12.489999771118164,13.154000282287598,167.82000732421875,5.820000171661377,1.4199999570846558
2022-12-13,145.47000122070312,26.75,9.6899995803833,0.8100000023841858,12.3100004196167,13.418000221252441,160.9499969482422,6.0,1.4900000095367432
2022-12-14,143.2100067138672,26.350000381469727,9.850000381469727,0.8100000023841858,12.100000381469727,14.270000457763672,156.8000030517578,5.843999862670898,1.371000051498413
2022-12-15,136.5,26.440000534057617,9.609999656677246,0.8100000023841858,11.880000114440918,13.906000137329102,157.6699981689453,5.783999919891357,1.409999966621399
2022-12-16,134.50999450683594,26.420000076293945,9.460000038146973,0.8100000023841858,11.600000381469727,13.260000228881836,150.22999572753906,5.564000129699707,1.409999966621399
2022-12-19,132.3699951171875,25.670000076293945,9.569999694824219,0.8100000023841858,11.0600004196167,12.0,149.8699951171875,5.831999778747559,1.399999976158142
2022-12-20,132.3000030517578,25.649999618530273,9.630000114440918,0.8199999928474426,11.09000015258789,12.008000373840332,137.8000030517578,5.7779998779296875,1.3550000190734863
2022-12-21,135.4499969482422,25.969999313354492,9.720000267028809,0.800000011920929,11.609999656677246,12.29800033569336,137.57000732421875,5.927999973297119,1.3519999980926514
2022-12-22,132.22999572753906,25.010000228881836,9.640000343322754,0.800000011920929,11.289999961853027,11.760000228881836,125.3499984741211,5.765999794006348,1.3700000047683716
2022-12-23,131.86000061035156,24.469999313354492,9.640000343322754,0.800000011920929,10.970000267028809,11.555999755859375,123.1500015258789,5.849999904632568,1.340000033378601
2022-12-27,130.02999877929688,24.399999618530273,9.710000038146973,0.800000011920929,10.0600004196167,10.949999809265137,109.0999984741211,5.829999923706055,1.3960000276565552
2022-12-28,126.04000091552734,24.350000381469727,9.65999984741211,0.8799999952316284,9.800000190734863,11.015999794006348,112.70999908447266,5.763999938964844,1.399999976158142
2022-12-29,129.61000061035156,24.799999237060547,9.970000267028809,0.800000011920929,9.989999771118164,11.4399995803833,121.81999969482422,5.771999835968018,1.399999976158142
2022-12-30,129.92999267578125,24.56999969482422,9.890000343322754,0.8199999928474426,9.75,11.251999855041504,123.18000030517578,5.696000099182129,1.3969999551773071
2023-01-03,125.06999969482422,25.579999923706055,10.170000076293945,0.8199999928474426,9.630000114440918,11.552000045776367,108.0999984741211,5.889999866485596,1.409999966621399
2023-01-04,126.36000061035156,26.860000610351562,10.539999961853027,0.8399999737739563,10.630000114440918,12.152000427246094,113.63999938964844,5.995999813079834,1.4700000286102295
2023-01-05,125.0199966430664,26.709999084472656,10.260000228881836,0.8399999737739563,10.859999656677246,12.07800006866455,110.33999633789062,6.435999870300293,1.475000023841858
2023-01-06,129.6199951171875,26.299999237060547,10.489999771118164,0.8399999737739563,10.369999885559082,12.586000442504883,113.05999755859375,6.49399995803833,1.4700000286102295
2023-01-09,130.14999389648438,26.06999969482422,10.420000076293945,0.8199999928474426,10.760000228881836,13.277999877929688,119.7699966430664,6.691999912261963,1.5700000524520874
2023-01-10,130.72999572753906,26.709999084472656,10.609999656677246,0.8199999928474426,11.239999771118164,13.793999671936035,118.8499984741211,6.679999828338623,1.5299999713897705
2023-01-11,133.49000549316406,28.06999969482422,10.630000114440918,0.800000011920929,11.510000228881836,15.079999923706055,123.22000122070312,6.889999866485596,1.5149999856948853
2023-01-12,133.41000366210938,29.700000762939453,10.880000114440918,0.800000011920929,11.8100004196167,15.220000267028809,123.55999755859375,7.038000106811523,1.5049999952316284
2023-01-13,134.75999450683594,29.600000381469727,10.739999771118164,0.7900000214576721,11.800000190734863,15.218000411987305,122.4000015258789,7.085999965667725,1.5099999904632568
2023-01-17,135.94000244140625,28.43000030517578,10.59000015258789,0.7799999713897705,11.40999984741211,15.814000129699707,131.49000549316406,7.1620001792907715,1.5149999856948853
2023-01-18,135.2100067138672,28.049999237060547,10.510000228881836,0.7699999809265137,11.010000228881836,15.38599967956543,128.77999877929688,7.254000186920166,1.4900000095367432
2023-01-19,135.27000427246094,29.079999923706055,10.65999984741211,0.7699999809265137,10.770000457763672,14.192000389099121,127.16999816894531,6.892000198364258,1.5
2023-01-20,137.8699951171875,29.25,10.75,0.800000011920929,11.069999694824219,14.600000381469727,133.4199981689453,7.067999839782715,1.524999976158142
2023-01-23,141.11000061035156,29.760000228881836,10.869999885559082,0.800000011920929,12.0600004196167,16.15999984741211,143.75,7.191999912261963,1.5299999713897705
2023-01-24,142.52999877929688,29.649999618530273,10.9399995803833,0.800000011920929,11.680000305175781,15.411999702453613,143.88999938964844,7.058000087738037,1.5440000295639038
2023-01-25,141.86000061035156,29.65999984741211,11.0600004196167,0.800000011920929,11.630000114440918,14.883999824523926,144.42999267578125,7.138000011444092,1.5499999523162842
2023-01-26,143.9600067138672,31.030000686645508,11.020000457763672,0.8100000023841858,12.170000076293945,14.192000389099121,160.27000427246094,7.473999977111816,1.7050000429153442
2023-01-27,145.92999267578125,31.969999313354492,10.890000343322754,0.8100000023841858,12.710000038146973,14.741999626159668,177.89999389648438,7.473999977111816,1.7300000190734863
2023-01-30,143.0,32.040000915527344,10.800000190734863,0.8100000023841858,12.020000457763672,14.447999954223633,166.66000366210938,7.23199987411499,1.600000023841858
2023-01-31,144.2899932861328,31.739999771118164,10.829999923706055,0.7900000214576721,12.069999694824219,15.413999557495117,173.22000122070312,7.182000160217285,1.659999966621399
2023-02-01,145.42999267578125,33.5,11.0,0.7900000214576721,12.100000381469727,16.134000778198242,181.41000366210938,7.331999778747559,1.715000033378601
2023-02-02,150.82000732421875,33.25,10.960000038146973,0.8100000023841858,11.960000038146973,16.38800048828125,188.27000427246094,7.435999870300293,1.7300000190734863
2023-02-03,154.5,32.41999816894531,10.84000015258789,0.8100000023841858,11.1899995803833,15.991999626159668,189.97999572753906,7.440000057220459,1.7280000448226929
2023-02-06,151.72999572753906,31.280000686645508,10.600000381469727,0.8100000023841858,10.930000305175781,15.199999809265137,194.75999450683594,7.182000160217285,1.6100000143051147
2023-02-07,154.64999389648438,31.09000015258789,10.5,0.8100000023841858,10.920000076293945,15.14799976348877,196.80999755859375,7.182000160217285,1.600000023841858
2023-02-08,151.9199981689453,30.360000610351562,10.600000381469727,0.8100000023841858,10.649999618530273,14.850000381469727,201.2899932861328,7.173999786376953,1.5700000524520874
2023-02-09,150.8699951171875,31.280000686645508,10.600000381469727,0.8500000238418579,10.470000267028809,14.53600025177002,207.32000732421875,7.1620001792907715,1.7000000476837158
2023-02-10,151.00999450683594,30.360000610351562,10.619999885559082,0.8399999737739563,10.3100004196167,14.34000015258789,196.88999938964844,6.978000164031982,1.7000000476837158
2023-02-13,153.85000610351562,30.899999618530273,10.670000076293945,0.8399999737739563,10.3100004196167,14.588000297546387,194.63999938964844,7.046000003814697,1.6820000410079956
2023-02-14,153.1999969482422,30.559999465942383,10.760000228881836,0.8399999737739563,10.3100004196167,14.720000267028809,209.25,6.311999797821045,1.6399999856948853
2023-02-15,155.3300018310547,30.600000381469727,10.699999809265137,0.8399999737739563,10.5,15.446000099182129,214.24000549316406,6.605999946594238,1.690000057220459
2023-02-16,153.7100067138672,30.110000610351562,10.600000381469727,0.8399999737739563,10.1899995803833,14.937999725341797,202.0399932861328,6.829999923706055,1.659999966621399
2023-02-17,152.5500030517578,29.299999237060547,10.819999694824219,0.8500000238418579,10.1899995803833,14.350000381469727,208.30999755859375,6.97599983215332,1.600000023841858
2023-02-21,148.47999572753906,28.799999237060547,10.859999656677246,0.8700000047683716,10.029999732971191,13.576000213623047,197.3699951171875,6.964000225067139,1.590000033378601
2023-02-22,148.91000366210938,28.530000686645508,10.789999961853027,0.8700000047683716,10.180000305175781,13.517999649047852,200.86000061035156,6.960000038146973,1.5509999990463257
2023-02-23,149.39999389648438,28.239999771118164,11.029999732971191,0.8700000047683716,9.789999961853027,13.880000114440918,202.07000732421875,7.113999843597412,1.5
2023-02-24,146.7100067138672,27.780000686645508,10.869999885559082,0.8700000047683716,9.300000190734863,13.432000160217285,196.8800048828125,6.909999847412109,1.5099999904632568
2023-02-27,147.9199981689453,27.299999237060547,10.979999542236328,0.8700000047683716,9.329999923706055,13.826000213623047,207.6300048828125,7.085999965667725,1.5299999713897705
2023-02-28,147.41000366210938,26.93000030517578,10.869999885559082,0.8700000047683716,9.390000343322754,14.09000015258789,205.7100067138672,7.104000091552734,1.5399999618530273
2023-03-01,145.30999755859375,28.309999465942383,10.65999984741211,0.9200000166893005,8.829999923706055,13.371999740600586,202.77000427246094,7.21999979019165,1.5950000286102295
2023-03-02,145.91000366210938,28.790000915527344,10.75,0.9200000166893005,9.09000015258789,12.539999961853027,190.89999389648438,7.24399995803833,1.625
2023-03-03,151.02999877929688,29.0,10.930000305175781,0.9300000071525574,9.569999694824219,12.899999618530273,197.7899932861328,7.363999843597412,1.6150000095367432
2023-03-06,153.8300018310547,28.739999771118164,10.970000267028809,0.9300000071525574,9.3100004196167,12.989999771118164,193.80999755859375,7.314000129699707,1.600000023841858
2023-03-07,151.60000610351562,27.8700008392334,10.779999732971191,0.9300000071525574,8.970000267028809,12.817999839782715,187.7100067138672,7.208000183105469,1.6030000448226929
2023-03-08,152.8699951171875,27.75,10.760000228881836,0.949999988079071,9.180000305175781,13.01200008392334,182.0,7.297999858856201,1.5299999713897705
2023-03-09,150.58999633789062,27.299999237060547,10.710000038146973,0.9300000071525574,8.789999961853027,12.329999923706055,172.9199981689453,7.184000015258789,1.465000033378601
2023-03-10,148.5,25.700000762939453,10.8100004196167,0.9200000166893005,8.510000228881836,11.413999557495117,173.44000244140625,6.97599983215332,1.4620000123977661
2023-03-13,150.47000122070312,25.040000915527344,10.869999885559082,0.9300000071525574,8.550000190734863,11.673999786376953,174.47999572753906,6.696000099182129,1.4609999656677246
2023-03-14,152.58999633789062,25.350000381469727,11.0,0.9300000071525574,8.420000076293945,11.288000106811523,183.25999450683594,6.8379998207092285,1.4199999570846558
2023-03-15,152.99000549316406,25.139999389648438,11.0,0.9100000262260437,8.25,11.144000053405762,180.4499969482422,6.26200008392334,1.3600000143051147
2023-03-16,155.85000610351562,25.780000686645508,11.5,0.9200000166893005,8.5,11.199999809265137,184.1300048828125,6.388000011444092,1.409999966621399
2023-03-17,155.0,25.700000762939453,11.25,0.9200000166893005,8.260000228881836,10.531999588012695,180.1300048828125,6.257999897003174,1.4199999570846558
2023-03-20,157.39999389648438,25.68000030517578,11.630000114440918,0.9200000166893005,8.75,10.020000457763672,183.25,6.294000148773193,1.409999966621399
2023-03-21,159.27999877929688,25.84000015258789,11.65999984741211,0.9200000166893005,9.270000457763672,10.800000190734863,197.5800018310547,6.576000213623047,1.4199999570846558
2023-03-22,157.8300018310547,26.100000381469727,11.880000114440918,0.9399999976158142,9.09000015258789,10.315999984741211,191.14999389648438,6.5320000648498535,1.4299999475479126
2023-03-23,158.92999267578125,26.6200008392334,11.949999809265137,0.9800000190734863,9.270000457763672,10.555999755859375,192.22000122070312,6.447999954223633,1.534999966621399
2023-03-24,160.25,26.770000457763672,11.869999885559082,0.9800000190734863,9.069999694824219,10.437999725341797,190.41000366210938,6.234000205993652,1.5499999523162842
2023-03-27,158.27999877929688,26.5,12.0,1.1100000143051147,8.930000305175781,9.998000144958496,191.80999755859375,6.2820000648498535,1.5199999809265137
2023-03-28,157.64999389648438,27.530000686645508,12.100000381469727,1.100000023841858,9.199999809265137,9.598999977111816,189.19000244140625,6.308000087738037,1.569000005722046
2023-03-29,160.77000427246094,28.15999984741211,12.300000190734863,1.090000033378601,9.829999923706055,10.175999641418457,193.8800048828125,6.355999946594238,1.559999942779541
2023-03-30,162.36000061035156,29.25,12.470000267028809,1.0700000524520874,10.460000038146973,10.411999702453613,195.27999877929688,6.561999797821045,1.559999942779541
2023-03-31,164.89999389648438,29.399999618530273,12.460000038146973,1.0700000524520874,10.510000228881836,10.661999702453613,207.4600067138672,6.616000175476074,1.5460000038146973
2023-04-03,166.1699981689453,29.469999313354492,12.399999618530273,1.0499999523162842,9.800000190734863,10.210000038146973,194.77000427246094,6.556000232696533,1.5499999523162842
2023-04-04,165.6300048828125,29.229999542236328,12.649999618530273,1.0499999523162842,9.210000038146973,9.63599967956543,192.5800018310547,6.513999938964844,1.5
2023-04-05,163.75999450683594,28.600000381469727,12.65999984741211,1.090000033378601,8.960000038146973,8.916000366210938,185.52000427246094,6.300000190734863,1.5
2023-04-06,164.66000366210938,29.15999984741211,12.800000190734863,1.0800000429153442,9.010000228881836,8.52400016784668,185.05999755859375,6.423999786376953,1.5299999713897705
2023-04-10,162.02999877929688,29.0,12.710000038146973,1.0800000429153442,9.050000190734863,,184.50999450683594,,1.5199999809265137
2023-04-11,160.8000030517578,28.899999618530273,12.829999923706055,1.0800000429153442,9.520000457763672,,186.7899932861328,,1.5499999523162842
2023-04-12,160.10000610351562,27.780000686645508,13.0,1.0700000524520874,9.010000228881836,8.541999816894531,180.5399932861328,6.8520002365112305,1.524999976158142
2023-04-13,165.55999755859375,28.3700008392334,13.119999885559082,1.0700000524520874,9.100000381469727,8.40999984741211,185.89999389648438,7.145999908447266,1.5199999809265137
2023-04-14,165.2100067138672,28.549999237060547,12.899999618530273,1.0399999618530273,9.270000457763672,8.20199966430664,185.0,7.165999889373779,1.5199999809265137
2023-04-17,165.22999572753906,29.399999618530273,12.869999885559082,1.100000023841858,9.829999923706055,8.649999618530273,187.0399932861328,7.329999923706055,1.590000033378601
2023-04-18,166.47000122070312,29.450000762939453,13.020000457763672,1.0700000524520874,9.470000267028809,8.131999969482422,184.30999755859375,7.703999996185303,1.569000005722046
2023-04-19,167.6300048828125,29.770000457763672,13.0600004196167,1.0700000524520874,8.789999961853027,8.222000122070312,180.58999633789062,7.447999954223633,1.5099999904632568
2023-04-20,166.64999389648438,28.75,13.109999656677246,1.100000023841858,8.279999732971191,8.100000381469727,162.99000549316406,7.426000118255615,1.5149999856948853
2023-04-21,165.02000427246094,28.440000534057617,13.199999809265137,1.100000023841858,8.329999923706055,8.270000457763672,165.0800018310547,7.300000190734863,1.4600000381469727
2023-04-24,165.3300018310547,29.15999984741211,13.199999809265137,1.0499999523162842,8.289999961853027,8.359999656677246,162.5500030517578,6.349999904632568,1.440000057220459
2023-04-25,163.77000427246094,28.010000228881836,13.010000228881836,1.0199999809265137,7.900000095367432,8.100000381469727,160.6699981689453,6.170000076293945,1.399999976158142
2023-04-26,163.75999450683594,29.3700008392334,13.15999984741211,0.9399999976158142,7.679999828338623,7.605999946594238,153.75,6.504000186920166,1.4299999475479126
2023-04-27,168.41000366210938,30.940000534057617,13.180000305175781,1.0,7.96999979019165,8.157999992370605,160.19000244140625,6.478000164031982,1.4149999618530273
2023-04-28,169.67999267578125,30.290000915527344,13.149999618530273,1.0,7.869999885559082,8.199999809265137,164.30999755859375,6.504000186920166,1.399999976158142
2023-05-01,169.58999633789062,30.219999313354492,13.180000305175781,1.0,7.809999942779541,,161.8300018310547,,1.409999966621399
2023-05-02,168.5399932861328,29.139999389648438,13.140000343322754,1.0,7.449999809265137,7.881999969482422,160.30999755859375,6.440000057220459,1.399999976158142
2023-05-03,167.4499969482422,29.5,13.1899995803833,1.0499999523162842,7.639999866485596,8.187999725341797,160.61000061035156,6.453999996185303,1.399999976158142
2023-05-04,165.7899932861328,30.100000381469727,13.270000457763672,1.0499999523162842,8.0600004196167,7.995999813079834,161.1999969482422,6.374000072479248,1.399999976158142
2023-05-05,173.57000732421875,30.25,13.319999694824219,1.0499999523162842,8.149999618530273,8.447999954223633,170.05999755859375,6.610000133514404,1.409999966621399
2023-05-08,173.5,30.399999618530273,13.239999771118164,1.0499999523162842,8.270000457763672,8.550000190734863,171.7899932861328,6.644000053405762,1.4600000381469727
2023-05-09,171.77000427246094,30.329999923706055,13.449999809265137,1.0499999523162842,8.15999984741211,7.320000171661377,169.14999389648438,6.73199987411499,1.4550000429153442
2023-05-10,173.55999755859375,31.219999313354492,13.25,0.9599999785423279,8.130000114440918,7.150000095367432,168.5399932861328,6.659999847412109,1.4299999475479126
2023-05-11,173.75,31.520000457763672,13.039999961853027,0.9599999785423279,8.449999809265137,7.019999980926514,172.0800018310547,6.349999904632568,1.4119999408721924
2023-05-12,172.57000732421875,30.68000030517578,13.0600004196167,0.9599999785423279,7.949999809265137,6.886000156402588,167.97999572753906,6.380000114440918,1.4299999475479126
2023-05-15,172.07000732421875,31.6299991607666,13.100000381469727,1.0299999713897705,8.25,7.2179999351501465,166.35000610351562,6.3460001945495605,1.399999976158142
2023-05-16,172.07000732421875,31.049999237060547,12.970000267028809,1.0399999618530273,7.909999847412109,6.9679999351501465,166.52000427246094,6.4079999923706055,1.399999976158142
2023-05-17,172.69000244140625,30.860000610351562,13.0,1.0399999618530273,8.029999732971191,7.369999885559082,173.86000061035156,6.843999862670898,1.340000033378601
2023-05-18,175.0500030517578,30.600000381469727,11.930000305175781,1.0499999523162842,7.820000171661377,7.265999794006348,176.88999938964844,7.038000106811523,1.399999976158142
2023-05-19,175.16000366210938,31.18000030517578,12.239999771118164,1.0,8.069999694824219,7.165999889373779,180.13999938964844,6.863999843597412,1.3799999952316284
2023-05-22,174.1999969482422,32.29999923706055,12.260000228881836,1.0,8.789999961853027,8.163999557495117,188.8699951171875,6.869999885559082,1.3799999952316284
2023-05-23,171.55999755859375,31.600000381469727,12.300000190734863,0.9900000095367432,8.75,,185.77000427246094,,1.378999948501587
2023-05-24,171.83999633789062,31.260000228881836,12.069999694824219,0.9300000071525574,7.920000076293945,7.834000110626221,182.89999389648438,6.633999824523926,1.350000023841858
2023-05-25,172.99000549316406,29.579999923706055,11.930000305175781,0.9300000071525574,7.539999961853027,7.611999988555908,184.47000122070312,6.573999881744385,1.350000023841858
2023-05-26,175.42999267578125,29.829999923706055,11.989999771118164,0.9300000071525574,7.699999809265137,7.671999931335449,193.1699981689453,6.716000080108643,1.350000023841858
2023-05-30,177.3000030517578,29.75,12.100000381469727,0.9700000286102295,7.409999847412109,8.210000038146973,201.16000366210938,6.572000026702881,1.3359999656677246
2023-05-31,177.25,30.200000762939453,12.09000015258789,0.9399999976158142,7.53000020980835,7.796000003814697,203.92999267578125,6.427999973297119,1.315999984741211
2023-06-01,180.08999633789062,30.799999237060547,12.140000343322754,0.9200000166893005,7.539999961853027,,207.52000427246094,,1.3200000524520874
2023-06-02,180.9499969482422,31.5,12.09000015258789,0.8999999761581421,7.559999942779541,8.246000289916992,213.97000122070312,6.817999839782715,1.3700000047683716
2023-06-05,179.5800018310547,31.809999465942383,12.0600004196167,0.949999988079071,7.670000076293945,7.854000091552734,217.61000061035156,6.8420000076293945,1.350000023841858
2023-06-06,179.2100067138672,32.75,12.0,0.9900000095367432,7.880000114440918,8.496000289916992,221.30999755859375,6.834000110626221,1.4299999475479126
2023-06-07,177.82000732421875,31.979999542236328,12.119999885559082,0.9900000095367432,7.760000228881836,8.90999984741211,224.57000732421875,6.966000080108643,1.4299999475479126
2023-06-08,180.57000732421875,32.04999923706055,12.1899995803833,0.949999988079071,7.789999961853027,8.859999656677246,234.86000061035156,7.0920000076293945,1.3799999952316284
2023-06-09,180.9600067138672,32.20000076293945,12.239999771118164,0.949999988079071,7.730000019073486,8.569999694824219,244.39999389648438,7.145999908447266,1.3600000143051147
2023-06-12,183.7899932861328,32.849998474121094,12.199999809265137,0.9700000286102295,8.399999618530273,,249.8300018310547,,1.3530000448226929
2023-06-13,183.30999755859375,33.060001373291016,12.180000305175781,1.0499999523162842,8.890000343322754,10.145000457763672,258.7099914550781,7.328000068664551,1.3849999904632568
2023-06-14,183.9499969482422,33.58000183105469,12.199999809265137,1.0800000429153442,9.050000190734863,9.854000091552734,256.7900085449219,7.46999979019165,1.402999997138977
2023-06-15,186.00999450683594,34.970001220703125,12.170000076293945,1.059999942779541,9.789999961853027,9.868000030517578,255.89999389648438,7.349999904632568,1.3899999856948853
2023-06-16,184.9199981689453,34.310001373291016,12.4399995803833,1.1100000143051147,9.399999618530273,9.61400032043457,260.5400085449219,7.236000061035156,1.406999945640564
2023-06-20,185.00999450683594,33.45000076293945,12.420000076293945,1.0399999618530273,9.350000381469727,9.14799976348877,274.45001220703125,6.840000152587891,1.350000023841858
2023-06-21,183.9600067138672,33.36000061035156,12.430000305175781,1.0299999713897705,9.069999694824219,9.086000442504883,259.4599914550781,6.840000152587891,1.3200000524520874
2023-06-22,187.0,33.380001068115234,12.390000343322754,1.0199999809265137,8.920000076293945,8.854000091552734,264.6099853515625,6.8480000495910645,1.315000057220459
2023-06-23,186.67999267578125,32.54999923706055,12.329999923706055,1.0099999904632568,8.430000305175781,8.508000373840332,256.6000061035156,7.0,1.2899999618530273
2023-06-26,185.27000427246094,32.25,12.399999618530273,1.0099999904632568,8.399999618530273,8.435999870300293,241.0500030517578,7.133999824523926,1.3600000143051147
2023-06-27,188.05999755859375,32.41999816894531,12.510000228881836,1.0299999713897705,9.34000015258789,8.402000427246094,250.2100067138672,7.239999771118164,1.3600000143051147
2023-06-28,189.25,32.15999984741211,12.520000457763672,1.0299999713897705,9.520000457763672,8.649999618530273,256.239990234375,7.248000144958496,1.3600000143051147
2023-06-29,189.58999633789062,31.3700008392334,12.510000228881836,1.0700000524520874,9.390000343322754,9.1899995803833,257.5,7.171999931335449,1.3700000047683716
2023-06-30,193.97000122070312,32.0,12.720000267028809,1.0700000524520874,9.6899995803833,9.552000045776367,261.7699890136719,7.168000221252441,1.3700000047683716
2023-07-03,192.4600067138672,33.099998474121094,12.84000015258789,1.0399999618530273,10.029999732971191,9.550000190734863,279.82000732421875,7.205999851226807,1.3949999809265137
2023-07-05,191.3300018310547,33.599998474121094,12.529999732971191,1.090000033378601,10.220000267028809,9.86400032043457,282.4800109863281,7.078000068664551,1.409999966621399
2023-07-06,191.80999755859375,33.369998931884766,12.40999984741211,1.0800000429153442,9.5600004196167,9.12600040435791,276.5400085449219,6.888000011444092,1.4299999475479126
2023-07-07,190.67999267578125,33.29999923706055,12.350000381469727,1.0800000429153442,9.989999771118164,9.668000221252441,274.42999267578125,7.214000225067139,1.4290000200271606
2023-07-10,188.61000061035156,33.29999923706055,12.3100004196167,1.0800000429153442,10.779999732971191,9.881999969482422,269.6099853515625,7.185999870300293,1.4290000200271606
2023-07-11,188.0800018310547,33.84000015258789,12.4399995803833,1.0700000524520874,10.8100004196167,10.079999923706055,269.7900085449219,7.2220001220703125,1.399999976158142
2023-07-12,189.77000427246094,33.90999984741211,12.729999542236328,1.0700000524520874,11.15999984741211,10.399999618530273,271.989990234375,7.484000205993652,1.409999966621399
2023-07-13,190.5399932861328,34.0,12.899999618530273,1.0800000429153442,10.760000228881836,11.0600004196167,277.8999938964844,7.406000137329102,1.5
2023-07-14,190.69000244140625,34.529998779296875,12.899999618530273,1.0800000429153442,10.539999961853027,10.789999961853027,281.3800048828125,7.214000225067139,1.4800000190734863
2023-07-17,193.99000549316406,34.15999984741211,12.75,1.0800000429153442,10.5600004196167,11.454999923706055,290.3800048828125,7.199999809265137,1.4539999961853027
2023-07-18,193.72999572753906,33.630001068115234,12.789999961853027,1.0800000429153442,10.420000076293945,11.4350004196167,293.3399963378906,7.257999897003174,1.409999966621399
2023-07-19,195.10000610351562,34.220001220703125,12.699999809265137,1.0700000524520874,10.640000343322754,11.71500015258789,291.260009765625,7.27400016784668,1.4049999713897705
2023-07-20,193.1300048828125,34.040000915527344,12.710000038146973,1.0700000524520874,10.319999694824219,11.329999923706055,262.8999938964844,7.322000026702881,1.409999966621399
2023-07-21,191.94000244140625,33.91999816894531,12.890000343322754,1.0700000524520874,10.579999923706055,11.210000038146973,260.0199890136719,7.165999889373779,1.409999966621399
2023-07-24,192.75,34.16999816894531,12.770000457763672,1.0800000429153442,11.729999542236328,11.220000267028809,269.05999755859375,7.196000099182129,1.4110000133514404
2023-07-25,193.6199951171875,33.849998474121094,12.869999885559082,1.1100000143051147,11.90999984741211,10.699999809265137,265.2799987792969,7.193999767303467,1.4110000133514404
2023-07-26,194.5,34.599998474121094,12.899999618530273,0.9700000286102295,13.170000076293945,10.84000015258789,264.3500061035156,7.105999946594238,1.4589999914169312
2023-07-27,193.22000122070312,33.63999938964844,12.90999984741211,0.9900000095367432,13.239999771118164,10.5600004196167,255.7100067138672,7.197999954223633,1.4509999752044678
2023-07-28,195.8300018310547,35.349998474121094,12.699999809265137,1.1200000047683716,14.739999771118164,10.8100004196167,266.44000244140625,7.156000137329102,1.4709999561309814
2023-07-31,196.4499969482422,35.689998626708984,12.6899995803833,1.1200000047683716,15.300000190734863,11.890000343322754,267.42999267578125,7.230000019073486,1.4709999561309814
2023-08-01,195.61000061035156,35.18000030517578,12.65999984741211,1.059999942779541,14.630000114440918,11.635000228881836,261.07000732421875,7.064000129699707,1.524999976158142
2023-08-02,193.09500122070312,34.400001525878906,12.369999885559082,,14.3149995803833,10.46500015258789,254.47000122070312,6.915999889373779,1.4500000476837158
